<?xml version="1.0" encoding="UTF-8"?>
<beans xmlns="http://www.springframework.org/schema/beans"
	xmlns:xsi="http://www.w3.org/2001/XMLSchema-instance"
	xmlns:context="http://www.springframework.org/schema/context"
	xmlns:tx="http://www.springframework.org/schema/tx"
	xmlns:mvc="http://www.springframework.org/schema/mvc"
	xsi:schemaLocation="
		http://www.springframework.org/schema/beans
		http://www.springframework.org/schema/beans/spring-beans.xsd
		http://www.springframework.org/schema/context
		http://www.springframework.org/schema/context/spring-context.xsd
		http://www.springframework.org/schema/mvc
		http://www.springframework.org/schema/mvc/spring-mvc.xsd
		http://www.springframework.org/schema/tx
		http://www.springframework.org/schema/tx/spring-tx.xsd" >
		
	<!-- Add support for component scanning -->
	<context:component-scan
		base-package="vn. iotstar" />
		
	<!-- Add support for conversion, formatting and validation support -->
	<mvc:annotation-driven />
	
	<!-- Add support for reading web resources: css, images, js, etc... -->
	<mvc:resources location="/templates/"
		mapping="/templates/**" cache-period="31556926"></mvc:resources>
		
	<!-- Define Spring MVC view resolver -->
	<bean
		class="org.springframework.web.servlet.view. Internal ResourceViewResolver">
		<property name="prefix" value="/WEB-INF/views/" />
		<property name="suffix" value=".jsp" />
	</bean>
	
	<!--Upload file -->
	<bean id="multipartResolver"
		class="org.springframework.web.multipart.commons. Commons MultipartResolver">
		<property name="maxUploadSize" value="268435456" />
	</bean>
	
</beans>